{
    "N": 41.914653,
    "S": 41.876888,
    "E": -87.626059700001,
    "W": -87.685135
  }

  